,Loc1,Loc2,Loc3,Loc4,Loc5,Loc6,Loc7,Loc8,Loc9,Loc10,Loc11,Loc12,Loc13,Loc14,Loc15,Loc16,Loc17,Loc18,Loc19,Loc20,Loc21,Loc22,Loc23,Loc24,Loc25,Junc1,Junc2,Junc3,Junc4,Junc5,Junc6,Junc7,Junc8,Junc9,Junc10,Junc11,Junc12,Junc13,Junc14,Junc15,Junc16,Junc17,Junc18,Junc19,Junc20,Junc21,Junc22,Junc23,Junc24,Junc25,Res1,Res2,Res3,Res4,Res5,Res6,Res7,Res8,Res9,Res10,Res11,Res12,Res13,Res14,Res15,Res16,Res17,Res18,Res19,Res20
Loc1,0,15.58,8.53,8.8,18.73,14.9,12.97,20.19,32.89,14.09,17.18,15.44,24.74,11.37,10.35,10.85,20.21,18.93,22.44,17.73,12.58,12.11,2.04,13.4,9.73,14.55,15.93,18.73,14.75,12.73,8.8,8.53,14.9,21.67,19.18,23.41,22.42,20.35,15.36,15.1,12.87,24.74,14.09,17.76,15.89,14.3,9.91,19.78,17.64,18.93,14.33,6.48,14.33,12.28,14.65,16.14,14.55,15.09,14.9,16.56,10.25,16.48,6.8,11.33,10.32,9.34,16.57,6.96,11.33,16.11
Loc2,15.65,0,7.12,7.47,5.27,5.94,3.91,10.65,28.44,6.62,5.34,3.46,11.6,7.35,6.0,5.71,8.85,7.16,11.69,5.11,4.48,8.91,16.7,9.8,11.04,4.0,4.55,5.27,4.81,3.34,7.47,7.12,5.94,9.45,6.79,9.73,11.6,11.36,5.32,3.12,4.19,11.6,6.62,5.66,4.51,2.05,6.99,8.42,9.05,7.16,4.2,11.88,4.2,4.02,3.6,5.83,4.0,5.28,3.79,4.44,9.13,4.8,8.87,5.18,9.2,6.94,4.83,10.11,11.84,5.79
Loc3,8.53,7.04,0,2.54,10.99,7.78,5.48,13.07,30.3,7.61,9.44,7.58,16.99,5.69,2.24,4.8,12.47,11.18,15.31,9.99,5.53,8.95,9.58,10.14,11.09,6.81,8.19,10.99,7.25,4.99,2.54,0.0,7.78,13.92,11.44,15.67,15.22,13.23,7.76,7.23,5.65,16.99,7.61,10.02,8.14,6.44,4.09,12.04,10.91,11.18,6.59,4.76,6.59,4.54,6.9,8.54,6.81,7.72,7.15,8.82,2.5,8.74,1.76,3.71,2.58,2.5,8.82,3.0,5.74,8.51
Loc4,8.8,7.42,2.54,0,10.23,6.77,4.73,12.06,28.7,5.96,8.68,6.89,16.24,3.41,1.55,2.72,11.71,10.43,14.31,9.23,4.45,6.67,9.85,7.85,8.8,6.05,7.43,10.23,6.5,4.23,0.0,2.54,6.77,13.17,10.68,14.91,14.29,12.22,7.01,6.54,4.73,16.24,5.96,9.26,7.39,5.75,1.78,11.28,9.5,10.43,5.83,5.26,5.83,3.78,6.15,7.79,6.05,6.96,6.4,8.06,2.16,7.98,4.0,2.67,2.23,0.54,8.07,4.6,7.98,7.76
Loc5,18.39,5.89,10.69,9.93,0,5.04,5.42,7.14,25.76,6.31,1.34,4.47,7.71,8.72,8.46,7.96,4.86,2.31,7.51,1.54,5.99,9.56,19.44,8.44,11.69,4.02,2.36,0.0,3.72,5.73,9.93,10.69,5.04,4.83,2.16,6.52,7.42,8.69,3.53,4.58,5.7,7.71,6.31,1.09,2.3,7.0,9.41,4.43,7.44,2.31,4.44,14.84,4.44,6.48,4.1,3.81,4.02,3.9,3.72,1.73,11.59,1.78,12.15,7.64,11.66,9.4,1.7,13.39,15.61,3.81
Loc6,14.91,5.92,7.8,6.77,5.86,0,2.35,5.42,22.65,1.97,4.03,3.73,11.52,5.2,5.56,4.48,6.18,5.61,7.67,4.61,2.52,5.89,15.95,4.1,7.67,1.95,2.7,5.86,1.32,2.84,6.77,7.8,0.0,8.35,6.03,10.39,7.65,5.58,1.79,3.55,2.43,11.52,1.97,4.61,2.73,4.46,5.92,6.46,3.26,5.61,1.89,11.36,1.89,3.58,2.48,2.57,1.95,1.46,2.49,3.69,8.43,3.33,9.25,4.75,8.5,6.36,3.41,10.49,12.71,2.53
Loc7,12.97,3.94,5.61,4.84,5.9,2.35,0,7.63,24.86,2.74,4.35,2.76,11.91,3.44,3.37,2.54,7.38,6.1,9.88,4.9,0.57,5.0,14.02,5.89,7.13,1.72,3.1,5.9,2.17,0.65,4.84,5.61,2.35,8.84,6.35,10.58,9.86,7.79,2.68,2.55,0.28,11.91,2.74,4.93,3.06,2.27,3.99,6.95,5.47,6.1,1.5,9.42,1.5,1.39,1.86,3.46,1.72,2.53,2.1,3.73,6.5,3.65,7.06,2.56,6.57,4.31,3.74,8.3,10.52,3.43
Loc8,20.2,10.66,13.09,12.06,8.79,5.43,7.64,0,19.52,6.65,6.53,8.6,9.79,9.92,10.85,9.77,3.31,5.56,2.77,7.62,7.81,9.65,21.25,7.33,10.9,7.06,6.11,8.79,6.42,8.13,12.06,13.09,5.43,6.62,6.99,12.07,2.86,2.45,6.52,8.66,7.72,9.79,6.65,7.17,6.4,9.75,11.21,3.66,4.27,5.56,6.99,16.65,6.99,8.87,7.58,5.45,7.06,6.1,7.6,7.03,13.72,6.55,14.54,10.04,13.8,11.65,6.64,15.78,18.01,6.44
Loc9,33.86,28.27,30.33,29.31,27.41,22.67,24.88,19.52,0,23.9,25.15,26.08,25.49,26.26,28.1,27.01,21.75,24.11,18.57,26.24,25.06,23.24,34.91,22.26,24.12,24.3,24.74,27.41,23.66,25.37,29.31,30.33,22.67,23.79,25.23,29.23,18.66,17.18,23.77,25.9,24.97,25.49,23.9,25.79,24.91,26.99,28.46,22.13,20.88,24.11,24.23,33.89,24.23,26.12,24.83,24.07,24.3,23.35,24.84,25.66,30.97,25.18,31.79,27.28,31.04,28.89,25.27,33.03,35.25,23.69
Loc10,14.08,6.55,7.61,5.95,7.02,1.97,2.74,6.66,23.76,0,5.31,4.8,12.81,3.57,5.38,3.65,7.44,6.9,8.93,5.88,2.17,4.18,15.13,3.93,6.31,3.02,3.98,7.02,2.59,3.25,5.95,7.61,1.97,9.63,7.31,11.67,8.91,6.82,3.07,4.58,2.45,12.81,0.0,5.89,4.01,4.87,5.1,7.75,4.0,6.9,2.95,10.54,2.95,3.99,3.54,3.85,3.02,2.73,3.56,4.85,7.61,4.6,9.07,4.36,7.68,5.53,4.69,9.88,12.9,3.82
Loc11,17.38,5.52,9.68,8.93,2.92,4.03,4.41,6.61,25.23,5.31,0,3.46,7.88,7.71,7.45,6.96,4.42,2.23,7.27,1.56,4.98,8.55,18.43,7.44,10.69,3.01,1.36,2.92,2.71,4.73,8.93,9.68,4.03,5.0,2.33,6.69,7.17,8.16,2.53,3.57,4.69,7.88,5.31,1.11,1.3,5.99,8.4,3.99,6.43,2.23,3.44,13.84,3.44,5.47,3.09,2.83,3.01,2.89,2.71,0.9,10.58,0.77,11.14,6.63,10.66,8.39,0.7,12.38,14.6,2.8
Loc12,15.32,3.51,7.57,6.82,4.75,3.42,2.65,8.52,25.75,4.52,3.46,0,10.9,6.04,5.34,5.05,6.77,5.22,9.62,3.75,3.22,7.07,16.37,7.32,9.2,1.68,2.48,4.75,2.1,2.62,6.82,7.57,3.42,8.01,5.34,9.43,9.52,8.68,2.62,0.56,2.94,10.9,4.52,3.8,2.43,3.22,6.34,6.34,6.36,5.22,2.1,11.77,2.1,3.36,1.5,3.4,1.68,2.57,1.24,2.58,8.47,2.72,9.03,4.52,8.54,6.28,2.81,10.27,12.47,3.36
Loc13,24.89,11.67,17.22,16.47,8.37,11.49,11.92,9.57,25.49,12.78,7.88,11.02,0,15.22,14.99,14.46,6.89,6.53,7.3,8.24,12.49,16.06,25.94,14.55,18.13,10.55,8.91,8.37,10.22,12.26,16.47,17.22,11.49,3.88,5.55,6.68,7.2,11.12,9.92,11.13,12.2,0.0,12.78,7.78,8.85,13.3,15.91,6.45,11.5,6.53,10.94,21.34,10.94,13.01,10.64,9.27,10.55,10.28,10.26,8.32,18.12,8.32,18.68,14.17,18.19,15.93,8.26,19.92,22.14,10.19
Loc14,11.37,6.98,5.69,3.42,9.19,5.2,3.44,9.94,25.29,3.57,7.64,6.13,15.2,0,4.26,2.07,10.63,9.34,12.24,8.19,2.87,3.26,12.42,4.45,5.39,5.09,6.39,9.19,5.05,3.69,3.42,5.69,5.2,12.08,9.64,13.87,12.24,10.1,5.65,5.91,3.16,15.2,3.57,8.22,6.35,5.31,2.31,10.2,6.92,9.34,4.87,7.83,4.87,3.72,5.22,6.43,5.09,5.38,5.47,7.02,5.03,6.94,6.68,3.03,5.11,3.76,7.03,7.17,11.13,6.4
Loc15,10.35,5.88,2.24,1.55,8.75,5.55,3.25,10.83,28.06,5.38,7.2,5.34,14.76,4.26,0,2.56,10.23,8.95,13.08,7.75,3.29,7.34,11.4,8.23,9.48,4.57,5.95,8.75,5.02,2.75,1.55,2.24,5.55,11.69,9.2,13.43,12.99,10.99,5.53,5.0,3.42,14.76,5.38,7.78,5.91,4.2,2.56,9.8,8.67,8.95,4.35,6.7,4.35,2.3,4.67,6.31,4.57,5.48,4.92,6.58,3.13,6.5,3.69,1.47,3.21,1.01,6.59,4.93,7.52,6.28
Loc16,10.85,5.71,4.8,2.72,8.43,4.48,2.54,9.76,26.99,3.66,6.88,5.18,14.44,2.07,2.56,0,9.91,8.62,12.01,7.43,2.15,5.33,11.9,6.36,7.47,4.25,5.63,8.43,4.32,2.43,2.72,4.8,4.48,11.36,8.88,13.11,11.99,9.92,4.93,4.83,2.44,14.44,3.66,7.46,5.59,4.04,1.87,9.47,7.21,8.62,4.03,7.3,4.03,2.02,4.35,5.71,4.25,4.66,4.6,6.26,4.38,6.18,6.15,1.33,4.45,2.41,6.27,6.65,10.09,5.68
Loc17,20.29,8.85,12.62,11.87,6.52,6.16,7.32,3.31,21.75,7.42,4.43,6.79,6.89,10.62,10.39,9.86,0,2.99,3.18,5.44,7.89,10.62,21.34,8.3,11.87,5.95,4.31,6.52,5.62,7.66,11.87,12.62,6.16,3.72,4.3,9.16,3.09,4.86,5.32,6.9,7.6,6.89,7.42,4.99,4.59,9.26,11.31,0.71,5.25,2.99,6.34,16.74,6.34,8.41,6.28,4.67,5.95,5.68,6.04,4.94,13.52,4.65,14.08,9.57,13.59,11.33,4.64,15.32,17.54,5.6
Loc18,18.97,7.29,11.31,10.55,4.06,5.58,6.0,5.24,23.87,6.86,2.36,5.23,6.53,9.3,9.07,8.55,2.89,0,5.55,3.03,6.57,10.14,20.02,8.91,12.28,4.64,2.99,4.06,4.3,6.35,10.55,11.31,5.58,3.36,1.66,7.3,5.46,6.8,4.01,5.34,6.28,6.53,6.86,2.58,3.06,7.75,9.99,2.46,7.18,0.0,5.03,15.43,5.03,7.09,4.85,3.36,4.64,4.37,4.47,2.87,12.2,2.64,12.76,8.26,12.28,10.01,2.57,14.0,16.22,4.28
Loc19,22.44,11.71,15.33,14.31,9.06,7.67,9.88,2.77,18.57,8.93,7.29,9.65,7.3,12.22,13.1,12.01,3.18,5.54,0,8.03,10.06,11.95,23.49,9.63,13.2,8.81,7.16,9.06,8.48,10.37,14.31,15.33,7.67,5.22,6.66,10.66,0.09,4.03,8.18,9.76,9.97,7.3,8.93,7.58,7.44,11.99,13.46,3.56,6.57,5.54,9.2,18.89,9.2,11.12,9.13,6.9,8.81,8.35,8.9,7.8,15.97,7.51,16.79,12.28,16.04,13.89,7.5,18.03,20.25,8.45
Loc20,17.73,5.11,9.99,9.23,1.69,4.61,4.91,7.62,26.24,5.88,1.56,3.77,8.24,8.22,7.75,7.45,5.34,2.79,7.99,0,5.48,9.07,18.78,8.16,11.2,3.32,2.08,1.69,3.29,5.03,9.23,9.99,4.61,5.35,2.68,6.65,7.9,9.17,3.25,3.88,5.19,8.24,5.88,0.84,1.87,6.3,8.75,4.91,7.16,2.79,4.01,14.19,4.01,5.77,3.39,3.56,3.32,3.54,3.02,1.22,10.89,1.28,11.44,6.94,10.96,8.69,1.19,12.68,14.91,3.53
Loc21,12.58,4.51,5.53,4.45,6.46,2.52,0.57,7.81,25.04,2.17,4.91,3.32,12.46,2.87,3.29,2.15,7.94,6.65,10.05,5.46,0,4.43,13.63,5.32,6.56,2.28,3.66,6.46,2.37,1.22,4.45,5.53,2.52,9.39,6.91,11.14,10.04,7.96,2.97,3.1,0.29,12.46,2.17,5.49,3.61,2.84,3.6,7.5,5.65,6.65,2.05,9.03,2.05,1.96,2.41,3.76,2.28,2.7,2.66,4.29,6.1,4.2,6.98,2.32,6.18,4.03,4.29,8.22,10.82,3.72
Loc22,12.11,8.94,8.95,6.68,10.02,5.89,5.0,9.85,22.27,4.18,8.47,7.26,16.02,3.26,7.34,5.33,10.83,10.17,12.15,9.02,4.43,0,13.16,2.53,2.37,5.91,7.22,10.02,5.87,5.65,6.68,8.95,5.89,12.9,10.47,14.7,12.24,10.01,6.48,7.04,4.72,16.02,4.18,9.05,7.17,7.27,5.57,11.02,6.7,10.17,5.69,11.09,5.69,6.39,6.35,7.26,5.91,6.21,6.46,7.85,8.29,7.76,9.94,6.17,8.37,7.03,7.85,10.43,14.39,7.22
Loc23,2.04,16.63,9.58,9.85,19.78,15.95,14.02,21.24,33.94,15.14,18.23,16.49,25.79,12.42,11.4,11.9,21.26,19.98,23.49,18.78,13.63,13.16,0,14.45,10.78,15.6,16.98,19.78,15.8,13.78,9.85,9.58,15.95,22.72,20.23,24.46,23.47,21.4,16.41,16.15,13.92,25.79,15.14,18.81,16.94,15.35,10.96,20.83,18.68,19.98,15.38,7.53,15.38,13.33,15.7,17.19,15.6,16.14,15.95,17.61,11.3,17.53,7.85,12.38,11.37,10.39,17.62,8.01,12.38,17.16
Loc24,13.4,9.82,10.14,7.87,9.75,4.22,5.89,7.53,21.29,3.93,7.7,7.63,14.84,4.45,8.23,6.36,8.51,8.93,9.83,8.34,5.32,2.53,14.45,0,3.67,5.85,6.34,9.75,5.21,6.53,7.87,10.14,4.22,11.67,9.7,14.06,9.92,7.69,5.33,7.45,5.6,14.84,3.93,8.35,6.47,8.16,6.76,8.86,4.38,8.93,5.78,12.27,5.78,7.28,6.37,5.89,5.85,4.9,6.39,7.54,9.48,7.06,11.12,7.06,9.55,8.21,7.15,11.62,15.58,5.5
Loc25,9.74,11.07,11.09,8.81,12.15,7.79,7.13,11.1,23.16,6.31,10.6,9.39,18.15,5.39,9.48,7.47,12.08,12.3,13.4,11.15,6.56,2.37,10.78,3.67,0,8.05,9.35,12.15,8.0,7.78,8.81,11.09,7.79,15.04,12.6,16.83,13.49,11.26,8.61,9.17,6.85,18.15,6.31,11.18,9.3,9.4,7.7,12.43,7.95,12.3,7.83,11.37,7.83,8.52,8.48,9.39,8.05,8.34,8.59,9.98,10.43,9.9,11.69,8.31,10.5,9.16,9.98,11.84,16.21,9.07
Junc1,14.41,4.05,6.67,5.91,4.45,2.46,1.59,7.57,24.8,3.29,3.15,1.78,10.6,4.9,4.43,4.13,6.3,4.92,9.14,3.45,2.16,5.75,15.46,6.37,7.88,0,2.0,4.45,1.15,1.71,5.91,6.67,2.46,7.71,5.04,9.13,9.05,7.73,1.66,1.68,1.87,10.6,3.29,3.5,1.95,3.33,5.43,5.86,5.41,4.92,0.78,10.87,0.78,2.45,0.53,2.44,0.0,1.61,0.54,2.28,7.57,2.42,8.13,3.62,7.64,5.37,2.5,9.36,11.59,2.41
Junc2,16.06,4.54,8.39,7.63,3.55,2.7,3.09,6.1,24.61,3.98,1.36,2.49,8.91,6.39,6.16,5.63,4.29,3.01,7.14,2.08,3.65,7.23,17.11,6.23,9.36,1.72,0,3.55,1.39,3.43,7.63,8.39,2.7,5.75,3.36,7.72,7.05,7.54,1.29,2.6,3.37,8.91,3.98,2.08,0.29,4.97,7.08,3.86,5.22,3.01,2.11,12.51,2.11,4.18,1.98,1.62,1.72,1.54,1.73,1.28,9.29,0.8,9.85,5.34,9.36,7.09,0.89,11.09,13.31,1.59
Junc3,18.39,5.89,10.69,9.93,0.0,5.04,5.42,7.14,25.76,6.31,1.34,4.47,7.71,8.72,8.46,7.96,4.86,2.31,7.51,1.54,5.99,9.56,19.44,8.44,11.69,4.02,2.36,0,3.72,5.73,9.93,10.69,5.04,4.83,2.16,6.52,7.42,8.69,3.53,4.58,5.7,7.71,6.31,1.09,2.3,7.0,9.41,4.43,7.44,2.31,4.44,14.84,4.44,6.48,4.1,3.81,4.02,3.9,3.72,1.73,11.59,1.78,12.15,7.64,11.66,9.4,1.7,13.39,15.61,3.81
Junc4,14.97,4.77,7.39,6.64,4.54,1.32,1.99,6.42,23.65,2.59,2.71,2.5,10.23,5.29,5.16,4.54,5.6,4.32,8.2,3.29,2.56,6.14,16.02,5.22,8.27,0.72,1.39,4.54,0,2.44,6.64,7.39,1.32,7.06,4.71,9.08,8.11,6.58,0.61,2.4,2.28,10.23,2.59,3.29,1.42,4.06,5.98,5.17,4.26,4.32,1.02,11.42,1.02,3.18,1.25,1.39,0.72,0.47,1.27,2.37,8.29,2.01,8.85,4.34,8.37,6.1,2.1,10.09,12.31,1.36
Junc5,12.72,3.3,4.98,4.22,6.07,2.87,0.57,8.16,25.39,3.27,4.52,2.76,12.08,4.01,2.74,2.46,7.55,6.27,10.4,5.08,1.14,5.56,13.77,6.45,7.7,1.89,3.28,6.07,2.34,0,4.22,4.98,2.87,9.01,6.53,10.76,10.31,8.31,2.85,2.42,0.85,12.08,3.27,5.1,3.23,1.62,3.74,7.12,5.99,6.27,1.67,9.17,1.67,0.76,1.99,3.63,1.89,2.8,2.24,3.9,5.88,3.82,6.43,1.93,5.95,3.68,3.91,7.67,9.9,3.6
Junc6,8.8,7.42,2.54,0.0,10.23,6.77,4.73,12.06,28.7,5.96,8.68,6.89,16.24,3.41,1.55,2.72,11.71,10.43,14.31,9.23,4.45,6.67,9.85,7.85,8.8,6.05,7.43,10.23,6.5,4.23,0,2.54,6.77,13.17,10.68,14.91,14.29,12.22,7.01,6.54,4.73,16.24,5.96,9.26,7.39,5.75,1.78,11.28,9.5,10.43,5.83,5.26,5.83,3.78,6.15,7.79,6.05,6.96,6.4,8.06,2.16,7.98,4.0,2.67,2.23,0.54,8.07,4.6,7.98,7.76
Junc7,8.53,7.04,0.0,2.54,10.99,7.78,5.48,13.07,30.3,7.61,9.44,7.58,16.99,5.69,2.24,4.8,12.47,11.18,15.31,9.99,5.53,8.95,9.58,10.14,11.09,6.81,8.19,10.99,7.25,4.99,2.54,0,7.78,13.92,11.44,15.67,15.22,13.23,7.76,7.23,5.65,16.99,7.61,10.02,8.14,6.44,4.09,12.04,10.91,11.18,6.59,4.76,6.59,4.54,6.9,8.54,6.81,7.72,7.15,8.82,2.5,8.74,1.76,3.71,2.58,2.5,8.82,3.0,5.74,8.51
Junc8,14.91,5.92,7.8,6.77,5.86,0.0,2.35,5.42,22.65,1.97,4.03,3.73,11.52,5.2,5.56,4.48,6.18,5.61,7.67,4.61,2.52,5.89,15.95,4.1,7.67,1.95,2.7,5.86,1.32,2.84,6.77,7.8,0,8.35,6.03,10.39,7.65,5.58,1.79,3.55,2.43,11.52,1.97,4.61,2.73,4.46,5.92,6.46,3.26,5.61,1.89,11.36,1.89,3.58,2.48,2.57,1.95,1.46,2.49,3.69,8.43,3.33,9.25,4.75,8.5,6.36,3.41,10.49,12.71,2.53
Junc9,21.72,9.12,14.05,13.29,5.83,8.32,8.75,6.39,23.81,9.61,5.0,8.13,3.88,12.05,11.82,11.29,3.72,3.36,5.24,5.35,9.31,12.89,22.77,11.38,14.95,7.38,5.74,5.83,7.05,9.09,13.29,14.05,8.32,0,2.67,6.15,5.14,7.94,6.75,8.24,9.03,3.88,9.61,4.9,5.96,10.66,12.74,3.28,8.33,3.36,7.77,18.17,7.77,9.84,7.7,6.1,7.38,7.11,7.38,5.43,14.95,5.44,15.51,11.0,15.02,12.75,5.37,16.75,18.97,7.02
Junc10,19.39,6.46,11.69,10.93,3.16,6.03,6.41,6.58,25.21,7.31,2.33,5.47,5.55,9.71,9.45,8.96,4.23,1.95,6.68,2.68,6.98,10.56,20.44,9.44,12.69,5.02,3.36,3.16,4.71,6.73,10.93,11.69,6.03,2.67,0,5.64,6.59,8.13,4.53,5.58,6.7,5.55,7.31,2.23,3.3,7.99,10.4,3.8,8.43,1.95,5.44,15.84,5.44,7.47,5.09,4.64,5.02,4.89,4.71,2.77,12.58,2.77,13.14,8.64,12.66,10.39,2.71,14.38,16.6,4.8
Junc11,23.56,9.9,15.82,15.06,6.6,10.57,10.74,12.4,29.83,11.85,6.87,9.6,7.26,14.05,13.58,13.28,9.75,7.77,11.26,6.94,11.31,14.9,24.61,13.98,17.03,9.15,7.9,6.6,9.25,10.86,15.06,15.82,10.57,6.73,5.82,0,11.17,13.95,9.07,9.71,11.02,7.26,11.85,6.77,7.84,11.53,14.58,9.3,12.97,7.77,9.88,20.02,9.88,11.6,9.22,9.35,9.15,9.43,8.85,7.31,16.72,7.31,17.27,12.77,16.79,14.52,7.25,18.51,20.74,9.34
Junc12,22.53,11.62,15.39,14.4,8.96,7.76,9.98,2.86,18.66,9.02,7.2,9.56,7.2,12.31,13.15,12.1,3.09,5.45,0.09,7.94,10.15,12.04,23.58,9.72,13.29,8.72,7.07,8.96,8.38,10.43,14.4,15.39,7.76,5.12,6.56,10.57,0,4.12,8.09,9.67,10.06,7.2,9.02,7.48,7.35,12.03,13.55,3.47,6.67,5.45,9.11,18.99,9.11,11.17,9.04,6.95,8.72,8.44,8.8,7.71,16.06,7.42,16.84,12.34,16.13,13.98,7.41,18.08,20.3,8.36
Junc13,20.37,11.2,13.26,12.24,10.34,5.6,7.81,2.45,17.18,6.82,8.08,9.01,11.26,10.09,11.02,9.94,4.86,7.11,4.03,9.17,7.98,9.77,21.42,7.45,11.02,7.23,7.67,10.34,6.59,8.3,12.24,13.26,5.6,8.17,8.55,13.62,4.12,0,6.69,8.83,7.9,11.26,6.82,8.72,7.83,9.92,11.39,5.21,3.99,7.11,7.16,16.82,7.16,9.04,7.75,7.0,7.23,6.27,7.77,8.59,13.89,8.11,14.71,10.21,13.97,11.82,8.19,15.95,18.18,6.62
Junc14,15.56,5.36,8.02,7.27,4.71,1.81,2.62,6.23,23.72,3.09,2.59,3.1,9.74,5.86,5.79,5.14,5.11,3.83,7.59,3.23,3.18,6.7,16.61,5.34,8.84,1.35,1.24,4.71,0.63,3.06,7.27,8.02,1.81,6.56,4.59,8.95,7.5,6.65,0,3.03,2.91,9.74,3.09,3.24,1.36,4.69,6.58,4.68,4.33,3.83,1.65,12.02,1.65,3.81,1.88,0.78,1.35,0.6,1.89,2.43,8.92,1.95,9.48,4.97,8.99,6.73,2.04,10.72,12.94,0.75
Junc15,14.97,3.17,7.23,6.47,4.86,3.53,2.31,8.64,25.87,4.39,3.57,0.56,11.01,5.75,4.99,4.71,6.88,5.33,9.73,3.86,2.88,6.85,16.02,7.43,8.98,1.68,2.59,4.86,2.21,2.27,6.47,7.23,3.53,8.12,5.46,9.54,9.63,8.79,2.73,0,2.59,11.01,4.39,3.92,2.54,2.88,5.99,6.45,6.47,5.33,1.88,11.42,1.88,3.01,1.28,3.51,1.68,2.68,1.31,2.69,8.13,2.83,8.68,4.18,8.2,5.93,2.92,9.92,12.12,3.47
Junc16,12.87,4.23,5.7,4.73,6.17,2.44,0.28,7.73,24.96,2.45,4.62,3.03,12.17,3.16,3.47,2.44,7.65,6.36,9.97,5.17,0.29,4.72,13.92,5.6,6.85,1.99,3.37,6.17,2.29,0.93,4.73,5.7,2.44,9.1,6.62,10.85,9.96,7.89,2.9,2.81,0,12.17,2.45,5.2,3.32,2.55,3.88,7.22,5.57,6.36,1.77,9.32,1.77,1.67,2.12,3.68,1.99,2.62,2.37,4.0,6.39,3.92,7.16,2.49,6.46,4.24,4.0,8.4,10.81,3.64
Junc17,24.89,11.67,17.22,16.47,8.37,11.49,11.92,9.57,25.49,12.78,7.88,11.02,0.0,15.22,14.99,14.46,6.89,6.53,7.3,8.24,12.49,16.06,25.94,14.55,18.13,10.55,8.91,8.37,10.22,12.26,16.47,17.22,11.49,3.88,5.55,6.68,7.2,11.12,9.92,11.13,12.2,0,12.78,7.78,8.85,13.3,15.91,6.45,11.5,6.53,10.94,21.34,10.94,13.01,10.64,9.27,10.55,10.28,10.26,8.32,18.12,8.32,18.68,14.17,18.19,15.93,8.26,19.92,22.14,10.19
Junc18,14.08,6.55,7.61,5.95,7.02,1.97,2.74,6.66,23.76,0.0,5.31,4.8,12.81,3.57,5.38,3.65,7.44,6.9,8.93,5.88,2.17,4.18,15.13,3.93,6.31,3.02,3.98,7.02,2.59,3.25,5.95,7.61,1.97,9.63,7.31,11.67,8.91,6.82,3.07,4.58,2.45,12.81,0,5.89,4.01,4.87,5.1,7.75,4.0,6.9,2.95,10.54,2.95,3.99,3.54,3.85,3.02,2.73,3.56,4.85,7.61,4.6,9.07,4.36,7.68,5.53,4.69,9.88,12.9,3.82
Junc19,17.96,5.83,10.23,9.47,2.4,4.61,4.99,7.16,25.79,5.89,1.11,4.01,7.78,8.29,7.99,7.54,4.89,2.33,7.54,0.84,5.56,9.14,19.01,8.16,11.27,3.56,2.08,2.4,3.29,5.27,9.47,10.23,4.61,4.9,2.23,6.59,7.45,8.72,3.25,4.12,5.27,7.78,5.89,0,1.88,6.54,8.98,4.45,7.16,2.33,4.02,14.42,4.02,6.01,3.63,3.56,3.56,3.54,3.26,1.23,11.13,1.28,11.69,7.18,11.2,8.93,1.19,12.92,15.15,3.53
Junc20,16.09,4.5,8.41,7.66,3.35,2.73,3.12,6.38,24.81,4.01,1.3,2.44,8.85,6.42,6.18,5.66,4.58,3.06,7.43,1.87,3.68,7.26,17.14,6.42,9.39,1.74,0.29,3.35,1.42,3.46,7.66,8.41,2.73,5.96,3.3,7.66,7.33,7.74,1.41,2.55,3.4,8.85,4.01,1.88,0,4.93,7.11,4.15,5.42,3.06,2.14,12.54,2.14,4.2,1.94,1.82,1.74,1.66,1.69,1.07,9.31,0.59,9.87,5.36,9.39,7.12,0.68,11.11,13.33,1.79
Junc21,14.25,2.0,6.51,5.75,6.86,4.49,2.19,9.78,27.01,4.9,5.98,3.22,13.18,5.63,4.27,3.99,9.18,7.75,12.02,6.28,2.76,7.19,15.3,8.07,9.32,3.51,4.9,6.86,3.96,1.62,5.75,6.51,4.49,10.54,7.87,11.31,11.93,9.93,4.47,2.88,2.47,13.18,4.9,6.33,4.85,0,5.27,8.75,7.62,7.75,3.3,10.71,3.3,2.29,3.12,5.25,3.51,4.43,3.37,5.11,7.41,5.25,7.96,3.46,7.48,5.21,5.33,9.2,11.33,5.22
Junc22,9.91,6.99,4.09,1.78,9.75,5.92,3.99,11.21,27.6,5.11,8.2,6.46,15.75,2.31,2.56,1.87,11.23,9.95,13.46,8.75,3.6,5.57,10.96,6.76,7.7,5.57,6.95,9.75,5.77,3.75,1.78,4.09,5.92,12.68,10.2,14.43,13.44,11.37,6.38,6.11,3.88,15.75,5.11,8.78,6.9,5.32,0,10.8,8.65,9.95,5.35,6.36,5.35,3.3,5.66,7.16,5.57,6.11,5.91,7.58,3.43,7.5,5.21,2.35,3.51,1.79,7.59,5.71,9.53,7.12
Junc23,19.86,8.42,12.19,11.43,6.08,6.17,6.89,3.32,21.94,7.43,4.0,6.36,6.44,10.19,9.96,9.43,0.71,2.56,3.56,5.01,7.46,10.63,20.91,8.31,11.88,5.52,3.88,6.08,5.19,7.23,11.43,12.19,6.17,3.27,3.86,8.72,3.47,4.87,4.89,6.47,7.17,6.44,7.43,4.56,4.16,8.83,10.88,0,5.26,2.56,5.91,16.31,5.91,7.98,5.85,4.24,5.52,5.25,5.61,4.51,13.09,4.22,13.65,9.14,13.16,10.9,4.21,14.89,17.11,5.16
Junc24,17.38,8.85,10.92,9.47,8.79,3.25,5.47,3.68,20.88,3.99,6.72,6.66,11.15,6.67,8.68,7.18,4.66,6.7,5.98,7.36,5.64,6.39,18.43,4.07,7.64,4.88,5.36,8.79,4.25,5.96,9.47,10.92,3.25,7.98,8.34,13.08,6.07,3.84,4.35,6.49,5.55,11.15,3.99,7.37,5.49,7.58,8.62,5.01,0,6.7,4.82,14.06,4.82,6.7,5.41,4.78,4.88,3.93,5.42,6.56,11.13,6.08,12.37,7.87,11.21,9.06,6.17,13.41,15.83,4.33
Junc25,18.97,7.29,11.31,10.55,4.06,5.58,6.0,5.24,23.87,6.86,2.36,5.23,6.53,9.3,9.07,8.55,2.89,0.0,5.55,3.03,6.57,10.14,20.02,8.91,12.28,4.64,2.99,4.06,4.3,6.35,10.55,11.31,5.58,3.36,1.66,7.3,5.46,6.8,4.01,5.34,6.28,6.53,6.86,2.58,3.06,7.75,9.99,2.46,7.18,0,5.03,15.43,5.03,7.09,4.85,3.36,4.64,4.37,4.47,2.87,12.2,2.64,12.76,8.26,12.28,10.01,2.57,14.0,16.22,4.28
Res1,14.58,4.27,6.89,6.13,4.4,1.9,1.61,7.0,24.23,2.96,2.85,2.0,10.4,4.91,4.66,4.15,5.88,4.6,8.73,3.4,2.18,5.75,15.63,5.8,7.88,0.22,1.6,4.4,0.66,1.93,6.13,6.89,1.9,7.33,4.85,9.08,8.63,7.16,1.18,1.9,1.89,10.4,2.96,3.43,1.55,3.55,5.6,5.45,4.84,4.6,0,11.03,0.0,2.68,0.75,1.96,0.22,1.13,0.76,2.23,7.79,2.15,8.35,3.84,7.86,5.59,2.24,9.59,11.81,1.92
Res2,6.48,12.03,4.99,5.26,15.18,11.36,9.42,16.64,33.12,10.54,13.64,11.89,21.19,7.83,6.8,7.3,16.67,15.38,18.89,14.19,9.03,11.09,7.53,12.27,11.36,11.01,12.39,15.18,11.2,9.19,5.26,4.99,11.36,18.12,15.64,19.87,18.87,16.8,11.81,11.55,9.32,21.19,10.54,14.22,12.34,10.75,6.36,16.23,14.09,15.38,10.78,0,10.78,8.74,11.1,12.59,11.01,11.54,11.35,13.01,6.7,12.93,3.26,7.78,6.77,5.79,13.02,3.41,7.78,12.56
Res3,14.58,4.27,6.89,6.13,4.4,1.9,1.61,7.0,24.23,2.96,2.85,2.0,10.4,4.91,4.66,4.15,5.88,4.6,8.73,3.4,2.18,5.75,15.63,5.8,7.88,0.22,1.6,4.4,0.66,1.93,6.13,6.89,1.9,7.33,4.85,9.08,8.63,7.16,1.18,1.9,1.89,10.4,2.96,3.43,1.55,3.55,5.6,5.45,4.84,4.6,0.0,11.03,0,2.68,0.75,1.96,0.22,1.13,0.76,2.23,7.79,2.15,8.35,3.84,7.86,5.59,2.24,9.59,11.81,1.92
Res4,11.96,3.97,4.22,3.46,7.09,3.88,1.58,9.17,26.4,3.93,5.54,3.43,13.09,3.39,1.98,1.7,8.57,7.28,11.41,6.09,1.85,5.94,13.01,6.83,8.07,2.91,4.29,7.09,3.35,1.09,3.46,4.22,3.88,10.02,7.54,11.77,11.32,9.32,3.86,3.09,1.75,13.09,3.93,6.12,4.24,2.29,2.98,8.13,7.01,7.28,2.68,8.41,2.68,0,3.0,4.64,2.91,3.82,3.25,4.92,5.11,4.83,5.67,1.17,5.19,2.92,4.92,6.91,9.13,4.61
Res5,14.54,3.65,6.8,6.04,4.48,2.66,1.75,7.76,24.99,3.7,3.19,1.5,10.63,5.13,4.56,4.28,6.33,4.95,9.18,3.48,2.32,6.16,15.59,6.56,8.29,0.53,2.04,4.48,1.34,1.84,6.04,6.8,2.66,7.74,5.08,9.16,9.08,7.92,1.85,1.28,2.03,10.63,3.7,3.54,1.99,3.12,5.56,5.9,5.6,4.95,1.19,11.0,1.19,2.58,0,2.63,0.53,1.81,0.38,2.31,7.7,2.45,8.26,3.75,7.77,5.5,2.54,9.49,11.72,2.6
Res6,17.54,6.1,9.87,9.11,4.75,4.14,4.57,5.45,24.07,5.43,2.18,4.04,8.95,7.87,7.64,7.11,4.33,3.04,6.81,3.28,5.14,8.71,18.59,7.48,10.84,3.2,1.56,4.75,2.87,4.91,9.11,9.87,4.14,5.78,4.19,8.55,6.72,7.0,2.57,4.15,4.85,8.95,5.43,2.96,1.84,6.51,8.56,3.9,6.48,3.04,3.59,13.99,3.59,5.66,3.53,0,3.2,2.93,3.29,2.48,10.77,2.0,11.33,6.82,10.84,8.58,2.08,12.57,14.79,2.84
Res7,14.41,4.05,6.67,5.91,4.45,2.46,1.59,7.57,24.8,3.29,3.15,1.78,10.6,4.9,4.43,4.13,6.3,4.92,9.14,3.45,2.16,5.75,15.46,6.37,7.88,0.0,2.0,4.45,1.15,1.71,5.91,6.67,2.46,7.71,5.04,9.13,9.05,7.73,1.66,1.68,1.87,10.6,3.29,3.5,1.95,3.33,5.43,5.86,5.41,4.92,0.78,10.87,0.78,2.45,0.53,2.44,0,1.61,0.54,2.28,7.57,2.42,8.13,3.62,7.64,5.37,2.5,9.36,11.59,2.41
Res8,15.21,5.24,7.85,7.07,5.01,1.46,2.4,6.11,23.34,2.73,3.17,2.97,10.31,5.5,5.61,4.78,5.69,4.4,8.17,3.76,2.82,6.35,16.26,4.9,8.48,1.19,1.81,5.01,0.47,2.89,7.07,7.85,1.46,7.14,5.17,9.53,8.08,6.26,0.58,2.87,2.68,10.31,2.73,3.76,1.88,4.51,6.22,5.25,3.94,4.4,1.42,11.66,1.42,3.63,1.72,1.36,1.19,0,1.73,2.84,8.73,2.48,9.3,4.8,8.81,6.55,2.57,10.54,12.76,1.32
Res9,14.79,3.84,7.05,6.29,4.18,2.51,2.0,7.61,24.84,3.61,2.89,1.24,10.33,5.38,4.81,4.53,6.03,4.65,8.88,3.19,2.57,6.29,15.84,6.41,8.42,0.54,1.74,4.18,1.19,2.09,6.29,7.05,2.51,7.44,4.78,8.87,8.78,7.77,1.7,1.31,2.28,10.33,3.61,3.24,1.69,3.37,5.81,5.6,5.45,4.65,1.32,11.25,1.32,2.83,0.38,2.48,0.54,1.66,0,2.01,7.95,2.15,8.5,4.0,8.02,5.75,2.24,9.74,11.97,2.45
Res10,16.79,4.89,9.05,8.29,2.7,3.81,3.97,7.11,25.73,5.08,0.9,2.83,8.32,7.28,6.81,6.51,4.93,2.77,7.78,1.22,4.53,8.13,17.84,7.36,10.26,2.38,1.28,2.7,2.49,4.09,8.29,9.05,3.81,5.43,2.77,7.13,7.68,8.66,2.45,2.94,4.25,8.32,5.08,1.23,1.07,5.35,7.81,4.5,6.36,2.77,3.11,13.24,3.11,4.83,2.45,2.76,2.38,2.74,2.07,0,9.95,0.48,10.5,6.0,10.02,7.75,0.39,11.74,13.96,2.73
Res11,10.25,8.37,2.5,2.16,11.89,8.43,6.38,13.72,30.33,7.61,10.34,8.48,17.89,5.03,3.13,4.38,13.37,12.08,15.96,10.89,6.1,8.29,11.3,9.48,10.43,7.71,9.09,11.89,8.15,5.89,2.16,2.5,8.43,14.82,12.34,16.57,15.95,13.88,8.66,8.13,6.39,17.89,7.61,10.92,9.04,7.34,3.43,12.94,11.16,12.08,7.49,6.7,7.49,5.44,7.8,9.44,7.71,8.61,8.05,9.72,0,9.63,3.96,4.61,0.19,2.5,9.72,5.2,7.94,9.41
Res12,16.68,4.79,8.95,8.19,2.76,3.33,3.71,6.65,25.27,4.6,0.77,2.73,8.32,7.01,6.71,6.25,4.7,2.64,7.54,1.28,4.28,7.85,17.73,6.88,9.99,2.28,0.8,2.76,2.01,3.99,8.19,8.95,3.33,5.44,2.77,7.13,7.45,8.2,1.97,2.84,3.99,8.32,4.6,1.28,0.59,5.25,7.7,4.27,5.88,2.64,2.73,13.14,2.73,4.73,2.35,2.28,2.28,2.26,1.97,0.48,9.85,0,10.4,5.9,9.92,7.65,0.09,11.64,13.87,2.25
Res13,6.8,8.8,1.76,4.0,12.44,9.24,6.94,14.52,31.76,9.07,10.89,9.03,18.45,6.68,3.69,6.15,13.92,12.64,16.77,11.45,6.98,9.94,7.85,11.12,11.68,8.26,9.65,12.44,8.71,6.45,4.0,1.76,9.24,15.38,12.9,17.12,16.68,14.68,9.22,8.69,7.11,18.45,9.07,11.47,9.6,7.89,5.21,13.49,12.36,12.64,8.04,3.04,8.04,5.99,8.36,10.0,8.26,9.17,8.61,10.27,3.96,10.19,0,5.16,4.03,3.96,10.28,1.27,4.55,9.97
Res14,11.33,5.18,3.71,2.67,7.94,4.73,2.43,10.02,27.25,4.36,6.39,4.65,13.94,3.03,1.47,1.33,9.42,8.13,12.26,6.94,2.32,6.17,12.38,7.06,8.31,3.76,5.14,7.94,4.2,1.94,2.67,3.71,4.73,10.87,8.39,12.62,12.17,10.18,4.71,4.3,2.49,13.94,4.36,6.97,5.09,3.51,2.35,8.99,7.86,8.13,3.54,7.78,3.54,1.49,3.85,5.49,3.76,4.67,4.1,5.77,4.61,5.69,5.16,0,4.68,2.13,5.77,6.4,9.0,5.46
Res15,10.32,8.45,2.58,2.23,11.96,8.5,6.45,13.79,30.4,7.69,10.41,8.55,17.96,5.11,3.21,4.45,13.44,12.16,16.04,10.96,6.18,8.37,11.37,9.55,10.5,7.78,9.16,11.96,8.22,5.96,2.23,2.58,8.5,14.89,12.41,16.64,16.02,13.95,8.74,8.21,6.46,17.96,7.69,10.99,9.11,7.41,3.51,13.01,11.23,12.16,7.56,6.77,7.56,5.51,7.87,9.52,7.78,8.69,8.12,9.79,0.19,9.71,4.03,4.68,0,2.58,9.8,5.27,8.01,9.48
Res16,9.34,6.88,2.5,0.54,9.69,6.35,4.19,11.64,28.87,5.54,8.14,6.35,15.7,3.76,1.01,2.41,11.17,9.89,13.89,8.7,4.03,7.03,10.39,8.21,9.16,5.52,6.9,9.69,5.96,3.7,0.54,2.5,6.35,12.63,10.15,14.38,13.87,11.8,6.47,6.01,4.25,15.7,5.54,8.73,6.85,5.21,1.79,10.74,9.08,9.89,5.29,5.79,5.29,3.25,5.61,7.25,5.52,6.43,5.86,7.52,2.5,7.44,3.96,2.13,2.58,0,7.53,5.14,7.94,7.22
Res17,16.77,4.87,9.04,8.28,2.67,3.41,3.8,6.72,25.34,4.69,0.7,2.82,8.26,7.1,6.8,6.34,4.63,2.57,7.48,1.19,4.37,7.94,17.82,6.97,10.07,2.37,0.89,2.67,2.1,4.08,8.28,9.04,3.41,5.37,2.71,7.07,7.39,8.27,2.06,2.93,4.08,8.26,4.69,1.19,0.68,5.34,7.79,4.2,5.96,2.57,2.82,13.22,2.82,4.82,2.44,2.37,2.37,2.35,2.06,0.39,9.93,0.09,10.49,5.99,10.01,7.74,0,11.73,13.95,2.33
Res18,6.96,10.04,3.0,4.6,13.68,10.48,8.18,15.76,32.47,9.89,12.13,10.27,19.69,7.17,4.93,6.65,15.16,13.88,18.01,12.68,8.22,10.43,8.01,11.62,11.84,9.5,10.88,13.68,9.95,7.68,4.6,3.0,10.48,16.62,14.13,18.36,17.92,15.92,10.46,9.93,8.35,19.69,9.89,12.71,10.84,9.13,5.71,14.73,13.43,13.88,9.28,2.15,9.28,7.23,9.6,11.24,9.5,10.41,9.85,11.51,5.2,11.43,1.27,6.4,5.27,5.14,11.52,0,5.55,11.21
Res19,11.33,11.89,5.57,7.8,15.91,12.71,10.41,18.0,35.23,12.76,14.36,12.47,21.92,10.95,7.44,10.01,17.4,16.11,20.24,14.92,10.68,14.21,12.38,15.4,16.21,11.74,13.12,15.91,12.18,9.92,7.8,5.57,12.71,18.85,16.37,20.6,20.15,18.15,12.69,12.13,10.58,21.92,12.76,14.95,13.07,11.33,9.35,16.96,15.84,16.11,11.51,6.82,11.51,9.47,11.83,13.47,11.74,12.65,12.08,13.74,7.76,13.66,4.55,8.92,7.84,7.76,13.75,5.55,0,13.44
Res20,16.14,5.62,8.57,7.81,4.97,2.55,3.17,5.9,23.7,3.84,2.64,3.5,9.41,6.46,6.33,5.71,4.78,3.5,7.26,3.5,3.73,7.31,17.19,5.5,9.07,1.9,1.5,4.97,1.38,3.61,7.81,8.57,2.55,6.23,4.64,9.0,7.17,6.62,0.98,3.57,3.45,9.41,3.84,3.41,1.62,5.23,7.16,4.35,4.39,3.5,2.19,12.59,2.19,4.35,2.42,0.45,1.9,1.34,2.44,2.7,9.46,2.22,10.02,5.52,9.54,7.27,2.3,11.26,13.48,0
